counter_type,intro_set_code,intro_set_name,intro_date
+1/+0,lea,Limited Edition Alpha,1993-08-05
+1/+1,lea,Limited Edition Alpha,1993-08-05
corpse,lea,Limited Edition Alpha,1993-08-05
mire,lea,Limited Edition Alpha,1993-08-05
vitality,lea,Limited Edition Alpha,1993-08-05
-1/-1,arn,Arabian Nights,1993-12-17
wind,arn,Arabian Nights,1993-12-17
doom,atq,Antiquities,1994-03-04
-0/-1,leg,Legends,1994-06-01
-0/-2,leg,Legends,1994-06-01
carrion,leg,Legends,1994-06-01
charge,leg,Legends,1994-06-01
dream,leg,Legends,1994-06-01
glyph,leg,Legends,1994-06-01
hatchling,leg,Legends,1994-06-01
intervention,leg,Legends,1994-06-01
matrix,leg,Legends,1994-06-01
pin,leg,Legends,1994-06-01
poison,leg,Legends,1994-06-01
pupa,leg,Legends,1994-06-01
scream,leg,Legends,1994-06-01
sleep,leg,Legends,1994-06-01
+0/+1,drk,The Dark,1994-08-01
+0/+2,drk,The Dark,1994-08-01
hunger,drk,The Dark,1994-08-01
storage,drk,The Dark,1994-08-01
+1/+2,fem,Fallen Empires,1994-11-01
+2/+2,fem,Fallen Empires,1994-11-01
-2/-2,fem,Fallen Empires,1994-11-01
credit,fem,Fallen Empires,1994-11-01
cube,fem,Fallen Empires,1994-11-01
javelin,fem,Fallen Empires,1994-11-01
net,fem,Fallen Empires,1994-11-01
spore,fem,Fallen Empires,1994-11-01
tide,fem,Fallen Empires,1994-11-01
time,fem,Fallen Empires,1994-11-01
age,ice,Ice Age,1995-06-03
depletion,ice,Ice Age,1995-06-03
healing,ice,Ice Age,1995-06-03
ice,ice,Ice Age,1995-06-03
music,ice,Ice Age,1995-06-03
paralyzation,ice,Ice Age,1995-06-03
sleight,ice,Ice Age,1995-06-03
arrowhead,hml,Homelands,1995-10-01
currency,hml,Homelands,1995-10-01
ore,hml,Homelands,1995-10-01
polyp,hml,Homelands,1995-10-01
-2/-1,all,Alliances,1996-06-10
infection,all,Alliances,1996-06-10
velocity,all,Alliances,1996-06-10
wage,all,Alliances,1996-06-10
-1/-0,mir,Mirage,1996-10-08
echo,mir,Mirage,1996-10-08
fungus,mir,Mirage,1996-10-08
growth,mir,Mirage,1996-10-08
vortex,mir,Mirage,1996-10-08
death,vis,Visions,1997-02-03
pressure,vis,Visions,1997-02-03
rust,vis,Visions,1997-02-03
fuse,wth,Weatherlight,1997-06-09
mining,wth,Weatherlight,1997-06-09
shell,wth,Weatherlight,1997-06-09
bounty,tmp,Tempest,1997-10-14
delay,tmp,Tempest,1997-10-14
elixir,tmp,Tempest,1997-10-14
magnet,tmp,Tempest,1997-10-14
pain,tmp,Tempest,1997-10-14
treasure,tmp,Tempest,1997-10-14
study,sth,Stronghold,1998-03-02
page,usg,Urza's Saga,1998-10-12
petal,usg,Urza's Saga,1998-10-12
soot,usg,Urza's Saga,1998-10-12
verse,usg,Urza's Saga,1998-10-12
arrow,uds,Urza's Destiny,1999-06-07
winch,mmq,Mercadian Masques,1999-10-04
fade,nem,Nemesis,2000-02-14
omen,pcy,Prophecy,2000-06-05
feather,inv,Invasion,2000-10-02
hourglass,inv,Invasion,2000-10-02
luck,ody,Odyssey,2001-10-01
mine,ody,Odyssey,2001-10-01
plague,ody,Odyssey,2001-10-01
shred,tor,Torment,2002-02-04
gold,ons,Onslaught,2002-10-07
trap,scg,Scourge,2003-05-26
fate,mrd,Mirrodin,2003-10-02
flood,mrd,Mirrodin,2003-10-02
aim,chk,Champions of Kamigawa,2004-10-01
devotion,chk,Champions of Kamigawa,2004-10-01
divinity,chk,Champions of Kamigawa,2004-10-01
theft,chk,Champions of Kamigawa,2004-10-01
training,chk,Champions of Kamigawa,2004-10-01
ki,bok,Betrayers of Kamigawa,2005-02-04
blood,rav,Ravnica: City of Guilds,2005-10-07
palliation,dis,Dissension,2006-05-05
hoofprint,lrw,Lorwyn,2007-10-12
mannequin,lrw,Lorwyn,2007-10-12
tower,eve,Eventide,2008-07-25
bribery,con,Conflux,2009-02-06
wish,m10,Magic 2010,2009-07-17
blaze,zen,Zendikar,2009-10-02
eon,zen,Zendikar,2009-10-02
quest,zen,Zendikar,2009-10-02
level,roe,Rise of the Eldrazi,2010-04-23
phylactery,m11,Magic 2011,2010-07-16
awakening,som,Scars of Mirrodin,2010-10-01
lore,m12,Magic 2012,2011-07-15
loyalty,isd,Innistrad,2011-09-30
slime,isd,Innistrad,2011-09-30
eyeball,dka,Dark Ascension,2012-02-03
despair,avr,Avacyn Restored,2012-05-04
petrification,m13,Magic 2013,2012-07-13
filibuster,rtr,Return to Ravnica,2012-10-05
muster,gtc,Gatecrash,2013-02-01
manifestation,bng,Born of the Gods,2014-02-07
gem,ktk,Khans of Tarkir,2014-09-26
crystal,bfz,Battle for Zendikar,2015-10-02
isolation,bfz,Battle for Zendikar,2015-10-02
energy,kld,Kaladesh,2016-09-30
hour,kld,Kaladesh,2016-09-30
unity,aer,Aether Revolt,2017-01-20
brick,akh,Amonkhet,2017-04-28
landmark,xln,Ixalan,2017-09-29
prey,rix,Rivals of Ixalan,2018-01-19
egg,dom,Dominaria,2018-04-27
silver,dom,Dominaria,2018-04-27
knowledge,eld,Throne of Eldraine,2019-10-04
coin,thb,Theros Beyond Death,2020-01-24
lifelink,c20,Commander 2020,2020-04-17
soul,c20,Commander 2020,2020-04-17
strike,c20,Commander 2020,2020-04-17
foreshadow,iko,Ikoria: Lair of Behemoths,2020-04-24
incarnation,m21,Core Set 2021,2020-07-03
ghostform,khm,Kaldheim,2021-02-05
night,khm,Kaldheim,2021-02-05
voyage,khm,Kaldheim,2021-02-05
book,stx,Strixhaven: School of Mages,2021-04-23
point,stx,Strixhaven: School of Mages,2021-04-23
void,mh2,Modern Horizons 2,2021-06-18
harmony,afr,Adventures in the Forgotten Realms,2021-07-23
flame,j21,Jumpstart: Historic Horizons,2021-08-26
ember,mid,Innistrad: Midnight Hunt,2021-09-24
ritual,mid,Innistrad: Midnight Hunt,2021-09-24
valor,mid,Innistrad: Midnight Hunt,2021-09-24
bloodline,vow,Innistrad: Crimson Vow,2021-11-19
croak,vow,Innistrad: Crimson Vow,2021-11-19
invitation,vow,Innistrad: Crimson Vow,2021-11-19
judgment,vow,Innistrad: Crimson Vow,2021-11-19
suspect,vow,Innistrad: Crimson Vow,2021-11-19
hatching,neo,Kamigawa: Neon Dynasty,2022-02-18
shield,ncc,New Capenna Commander,2022-04-29
collection,snc,Streets of New Capenna,2022-04-29
stash,snc,Streets of New Capenna,2022-04-29
finality,dmu,Dominaria United,2022-09-09
ingenuity,dmu,Dominaria United,2022-09-09
phyresis,dmu,Dominaria United,2022-09-09
stun,dmu,Dominaria United,2022-09-09
oil,one,Phyrexia: All Will Be One,2023-02-10
defense,mom,March of the Machine,2023-04-21
skewer,woe,Wilds of Eldraine,2023-09-08
chorus,lci,The Lost Caverns of Ixalan,2023-11-17
dread,lci,The Lost Caverns of Ixalan,2023-11-17
bloodstain,mkm,Murders at Karlov Manor,2024-02-09
impostor,mkm,Murders at Karlov Manor,2024-02-09
unlock,mkm,Murders at Karlov Manor,2024-02-09
loot,otj,Outlaws of Thunder Junction,2024-04-19
blight,blb,Bloomburrow,2024-08-02
supply,blb,Bloomburrow,2024-08-02
nest,dsk,Duskmourn: House of Horror,2024-09-27
possession,dsk,Duskmourn: House of Horror,2024-09-27
bait,fdn,Foundations,2024-11-15
fellowship,fdn,Foundations,2024-11-15
incubation,fdn,Foundations,2024-11-15
film,om1,Through the Omenpaths,2025-09-23
conqueror,tla,Avatar: The Last Airbender,2025-11-21
fire,tla,Avatar: The Last Airbender,2025-11-21
invasion,msh,Marvel Super Heroes,2026-06-26
hone,hob,The Hobbit,2026-08-14
