set_code,set_name,release_date,cards_in_set,counter_cards_in_set,cumulative_counter_types,cumulative_counter_cards,cumulative_cards,cumulative_counter_card_pct,new_counter_types
lea,Limited Edition Alpha,1993-08-05,290,7,5,7,290,2.413793103448276,5
leb,Limited Edition Beta,1993-10-04,292,7,5,14,582,2.4054982817869415,5
2ed,Unlimited Edition,1993-12-01,292,7,5,21,874,2.402745995423341,5
arn,Arabian Nights,1993-12-17,78,3,7,24,952,2.5210084033613445,3
atq,Antiquities,1994-03-04,85,7,8,31,1037,2.9893924783027965,3
3ed,Revised Edition,1994-04-11,296,9,8,40,1333,3.000750187546887,6
fbb,Foreign Black Border,1994-04-11,296,9,8,49,1629,3.0079803560466543,6
leg,Legends,1994-06-01,310,23,22,72,1939,3.7132542547705003,15
sum,Summer Magic / Edgar,1994-06-21,296,9,22,81,2235,3.6241610738255035,6
drk,The Dark,1994-08-01,119,6,26,87,2354,3.6958368734069666,5
fem,Fallen Empires,1994-11-01,102,25,36,112,2456,4.5602605863192185,14
4bb,Fourth Edition Foreign Black Border,1995-04-01,368,20,36,132,2824,4.674220963172805,10
4ed,Fourth Edition,1995-04-01,368,20,36,152,3192,4.761904761904762,10
ice,Ice Age,1995-06-03,373,51,43,203,3565,5.694249649368864,16
bchr,Chronicles Foreign Black Border,1995-07-01,116,9,43,212,3681,5.7593045368106495,8
chr,Chronicles,1995-07-01,116,9,43,221,3797,5.820384514090071,8
ren,Renaissance,1995-08-01,122,13,43,234,3919,5.9709109466700685,6
rin,Rinascimento,1995-08-01,60,5,43,239,3979,6.006534305101784,3
hml,Homelands,1995-10-01,115,13,47,252,4094,6.155349291646312,11
all,Alliances,1996-06-10,144,23,51,275,4238,6.488909863142992,10
mir,Mirage,1996-10-08,335,27,56,302,4573,6.603979881915592,13
vis,Visions,1997-02-03,167,17,59,319,4740,6.729957805907173,8
5ed,Fifth Edition,1997-03-24,434,21,59,340,5174,6.571318129107074,9
wth,Weatherlight,1997-06-09,167,19,62,359,5341,6.721587717655869,6
tmp,Tempest,1997-10-14,335,19,68,378,5676,6.659619450317125,9
sth,Stronghold,1998-03-02,143,15,69,393,5819,6.753737755628115,2
exo,Exodus,1998-06-15,143,9,69,402,5962,6.742703790674271,1
usg,Urza's Saga,1998-10-12,335,19,73,421,6297,6.685723360330316,6
ulg,Urza's Legacy,1999-02-15,143,3,73,424,6440,6.583850931677019,1
6ed,Classic Sixth Edition,1999-04-21,335,0,73,424,6775,6.25830258302583,0
uds,Urza's Destiny,1999-06-07,143,8,74,432,6918,6.2445793581960105,6
mmq,Mercadian Masques,1999-10-04,335,20,75,452,7253,6.2319040397077075,6
nem,Nemesis,2000-02-14,143,20,76,472,7396,6.381828015143321,3
pcy,Prophecy,2000-06-05,143,4,77,476,7539,6.3138347260909935,2
inv,Invasion,2000-10-02,335,15,79,491,7874,6.235712471424943,3
pls,Planeshift,2001-02-05,143,4,79,495,8017,6.1743794436821755,1
7ed,Seventh Edition,2001-04-11,335,0,79,495,8352,5.926724137931035,0
apc,Apocalypse,2001-06-04,143,8,79,503,8495,5.921130076515597,1
ody,Odyssey,2001-10-01,335,12,82,515,8830,5.8323895809739525,6
tor,Torment,2002-02-04,143,5,83,520,8973,5.795163267580519,3
jud,Judgment,2002-05-27,143,9,83,529,9116,5.8029837648091265,2
ons,Onslaught,2002-10-07,335,8,84,537,9451,5.681938419214898,4
lgn,Legions,2003-02-03,145,9,84,546,9596,5.6898707794914545,1
scg,Scourge,2003-05-26,143,10,85,556,9739,5.709005031317384,3
8ed,Eighth Edition,2003-07-28,342,1,85,557,10081,5.525245511358,1
mrd,Mirrodin,2003-10-02,291,27,87,584,10372,5.63054377169302,4
dst,Darksteel,2004-02-06,165,26,87,610,10537,5.789124039100313,2
5dn,Fifth Dawn,2004-06-04,165,22,87,632,10702,5.905438235843768,2
chk,Champions of Kamigawa,2004-10-01,291,14,92,646,10993,5.87646684253616,7
bok,Betrayers of Kamigawa,2005-02-04,165,15,93,661,11158,5.924000716974368,4
sok,Saviors of Kamigawa,2005-06-03,165,4,93,665,11323,5.8730018546321645,1
9ed,Ninth Edition,2005-07-29,344,1,93,666,11667,5.708408331190538,1
rav,Ravnica: City of Guilds,2005-10-07,291,14,94,680,11958,5.686569660478341,3
gpt,Guildpact,2006-02-03,165,14,94,694,12123,5.724655613297038,1
dis,Dissension,2006-05-05,180,22,95,716,12303,5.819718767780216,3
csp,Coldsnap,2006-07-21,155,34,95,750,12458,6.020227965965645,6
tsb,Time Spiral Timeshifted,2006-10-06,121,13,95,763,12579,6.065664997217585,8
tsp,Time Spiral,2006-10-06,286,42,95,805,12865,6.257287213369607,5
plc,Planar Chaos,2007-02-02,165,34,95,839,13030,6.4389869531849575,3
fut,Future Sight,2007-05-04,180,28,95,867,13210,6.563209689629069,5
10e,Tenth Edition,2007-07-13,368,2,95,869,13578,6.4000589188392984,1
me1,Masters Edition,2007-09-10,185,16,95,885,13763,6.430284095037419,9
lrw,Lorwyn,2007-10-12,286,23,97,908,14049,6.463093458609154,5
dd1,Duel Decks: Elves vs. Goblins,2007-11-16,56,0,97,908,14105,6.437433534207727,0
mor,Morningtide,2008-02-01,150,24,97,932,14255,6.53805682216766,2
shm,Shadowmoor,2008-05-02,286,57,97,989,14541,6.8014579464961145,1
eve,Eventide,2008-07-25,180,39,98,1028,14721,6.983221248556484,2
drb,From the Vault: Dragons,2008-08-29,15,0,98,1028,14736,6.976112920738328,0
me2,Masters Edition II,2008-09-22,245,39,98,1067,14981,7.12235498297844,16
ala,Shards of Alara,2008-10-03,234,19,98,1086,15215,7.137693066053237,2
dd2,Duel Decks: Jace vs. Chandra,2008-11-07,56,4,98,1090,15271,7.137712003143212,2
con,Conflux,2009-02-06,145,10,99,1100,15416,7.135443694862481,2
ddc,Duel Decks: Divine vs. Demonic,2009-04-10,56,3,99,1103,15472,7.129007238883144,2
arb,Alara Reborn,2009-04-30,145,15,99,1118,15617,7.1588653390535955,3
m10,Magic 2010,2009-07-17,234,4,100,1122,15851,7.078417765440666,2
v09,From the Vault: Exiled,2009-08-28,15,0,100,1122,15866,7.07172570276062,0
me3,Masters Edition III,2009-09-07,220,10,100,1132,16086,7.037175183389283,9
zen,Zendikar,2009-10-02,234,33,103,1165,16320,7.138480392156863,5
ddd,Duel Decks: Garruk vs. Liliana,2009-10-30,57,2,103,1167,16377,7.12584722476644,3
h09,Premium Deck Series: Slivers,2009-11-20,41,4,103,1171,16418,7.132415641369229,3
wwk,Worldwake,2010-02-05,145,20,103,1191,16563,7.190726317696069,3
dde,Duel Decks: Phyrexia vs. the Coalition,2010-03-19,67,3,103,1194,16630,7.179795550210463,2
roe,Rise of the Eldrazi,2010-04-23,233,33,104,1227,16863,7.276285358477139,3
m11,Magic 2011,2010-07-16,234,7,105,1234,17097,7.217640521728958,2
v10,From the Vault: Relics,2010-08-27,15,1,105,1235,17112,7.21715755025713,1
ddf,Duel Decks: Elspeth vs. Tezzeret,2010-09-03,73,14,105,1249,17185,7.267966249636311,3
som,Scars of Mirrodin,2010-10-01,234,40,106,1289,17419,7.399965554853895,4
pd2,Premium Deck Series: Fire and Lightning,2010-11-19,31,2,106,1291,17450,7.3982808022922635,2
me4,Masters Edition IV,2011-01-10,260,16,106,1307,17710,7.380011293054771,12
mbs,Mirrodin Besieged,2011-02-04,150,30,106,1337,17860,7.486002239641658,3
ddg,Duel Decks: Knights vs. Dragons,2011-04-01,72,8,106,1345,17932,7.500557662279723,2
nph,New Phyrexia,2011-05-13,170,33,106,1378,18102,7.612418517290907,3
td2,Duel Decks: Mirrodin Pure vs. New Phyrexia,2011-05-14,80,14,106,1392,18182,7.6559234407655925,4
cmd,Commander 2011,2011-06-17,303,28,106,1420,18485,7.681904246686503,7
m12,Magic 2012,2011-07-15,234,16,107,1436,18719,7.6713499652759225,3
v11,From the Vault: Legends,2011-08-26,15,2,107,1438,18734,7.675883420518843,1
ddh,Duel Decks: Ajani vs. Nicol Bolas,2011-09-02,77,2,107,1440,18811,7.655095422890862,1
isd,Innistrad,2011-09-30,254,24,109,1464,19065,7.678992918961447,5
pd3,Premium Deck Series: Graveborn,2011-11-18,27,0,109,1464,19092,7.668133249528599,0
dka,Dark Ascension,2012-02-03,158,27,110,1491,19250,7.745454545454545,2
ddi,Duel Decks: Venser vs. Koth,2012-03-30,70,1,110,1492,19320,7.722567287784679,1
avr,Avacyn Restored,2012-05-04,234,20,111,1512,19554,7.732433261736729,3
m13,Magic 2013,2012-07-13,234,16,112,1528,19788,7.721851627248838,4
v12,From the Vault: Realms,2012-08-31,15,1,112,1529,19803,7.721052365803161,1
ddj,Duel Decks: Izzet vs. Golgari,2012-09-07,78,6,112,1535,19881,7.720939590563855,3
rtr,Return to Ravnica,2012-10-05,254,33,113,1568,20135,7.7874348149987584,3
gtc,Gatecrash,2013-02-01,249,27,114,1595,20384,7.824764521193092,4
ddk,Duel Decks: Sorin vs. Tibalt,2013-03-15,71,6,114,1601,20455,7.826937179173796,1
dgm,Dragon's Maze,2013-05-03,156,14,114,1615,20611,7.835621755373344,1
mma,Modern Masters,2013-06-07,229,46,114,1661,20840,7.970249520153551,5
m14,Magic 2014,2013-07-19,234,16,114,1677,21074,7.9576729619436275,3
v13,From the Vault: Twenty,2013-08-23,20,1,114,1678,21094,7.954868683037831,1
ddl,Duel Decks: Heroes vs. Monsters,2013-09-06,68,13,114,1691,21162,7.990738115490029,1
ths,Theros,2013-09-27,234,33,114,1724,21396,8.05758085623481,2
c13,Commander 2013,2013-11-01,341,33,114,1757,21737,8.082992133229057,9
bng,Born of the Gods,2014-02-07,165,22,115,1779,21902,8.122545886220436,3
ddm,Duel Decks: Jace vs. Vraska,2014-03-14,76,7,115,1786,21978,8.126308126308126,2
jou,Journey into Nyx,2014-05-02,165,20,115,1806,22143,8.156076412410243,1
cns,Conspiracy,2014-06-06,210,28,115,1834,22353,8.20471525074934,2
vma,Vintage Masters,2014-06-16,325,16,115,1850,22678,8.157685862950878,3
m15,Magic 2015,2014-07-18,269,17,115,1867,22947,8.136139800409639,4
v14,From the Vault: Annihilation,2014-08-22,15,1,115,1868,22962,8.135179862381326,1
ddn,Duel Decks: Speed vs. Cunning,2014-09-05,72,1,115,1869,23034,8.114092211513414,1
ktk,Khans of Tarkir,2014-09-26,254,30,116,1899,23288,8.15441429062178,2
c14,Commander 2014,2014-11-07,322,17,116,1916,23610,8.115205421431597,5
dvd,Duel Decks Anthology: Divine vs. Demonic,2014-12-05,56,3,116,1919,23666,8.108679117721627,2
evg,Duel Decks Anthology: Elves vs. Goblins,2014-12-05,56,0,116,1919,23722,8.089537138521203,0
gvl,Duel Decks Anthology: Garruk vs. Liliana,2014-12-05,57,2,116,1921,23779,8.078556709701838,3
jvc,Duel Decks Anthology: Jace vs. Chandra,2014-12-05,56,4,116,1925,23835,8.076358296622614,2
frf,Fate Reforged,2015-01-23,180,29,116,1954,24015,8.136581303352072,3
ddo,Duel Decks: Elspeth vs. Kiora,2015-02-27,60,5,116,1959,24075,8.137071651090343,2
dtk,Dragons of Tarkir,2015-03-27,254,54,116,2013,24329,8.274076205351639,2
tpr,Tempest Remastered,2015-05-06,254,13,116,2026,24583,8.241467680917708,2
mm2,Modern Masters 2015,2015-05-22,249,42,116,2068,24832,8.327963917525773,4
ori,Magic Origins,2015-07-17,273,27,116,2095,25105,8.344951204939255,2
v15,From the Vault: Angels,2015-08-21,15,1,116,2096,25120,8.343949044585987,1
ddp,Duel Decks: Zendikar vs. Eldrazi,2015-08-28,70,10,116,2106,25190,8.360460500198492,3
bfz,Battle for Zendikar,2015-10-02,254,33,118,2139,25444,8.406697060210659,3
c15,Commander 2015,2015-11-13,327,32,118,2171,25771,8.424197741647589,3
ogw,Oath of the Gatewatch,2016-01-22,183,20,118,2191,25954,8.441858673036911,2
ddq,Duel Decks: Blessed vs. Cursed,2016-02-26,71,7,118,2198,26025,8.445725264169068,1
soi,Shadows over Innistrad,2016-04-08,287,18,118,2216,26312,8.422012769838856,3
ema,Eternal Masters,2016-06-10,249,7,118,2223,26561,8.369413802191183,2
emn,Eldritch Moon,2016-07-22,208,5,118,2228,26769,8.323060256266578,1
v16,From the Vault: Lore,2016-08-19,16,2,118,2230,26785,8.325555348142617,2
cn2,Conspiracy: Take the Crown,2016-08-26,221,22,118,2252,27006,8.338887654595275,1
ddr,Duel Decks: Nissa vs. Ob Nixilis,2016-09-02,68,6,118,2258,27074,8.34010489768782,2
kld,Kaladesh,2016-09-30,264,75,120,2333,27338,8.53390884483137,3
c16,Commander 2016,2016-11-11,341,51,120,2384,27679,8.613027927309513,8
aer,Aether Revolt,2017-01-20,194,51,121,2435,27873,8.736052810964015,5
mm3,Modern Masters 2017,2017-03-17,249,6,121,2441,28122,8.680036981722495,2
dds,Duel Decks: Mind vs. Might,2017-03-31,56,8,121,2449,28178,8.691177514372916,2
akh,Amonkhet,2017-04-28,272,34,122,2483,28450,8.727592267135325,5
cma,Commander Anthology,2017-06-09,289,27,122,2510,28739,8.733776401405756,6
hou,Hour of Devastation,2017-07-14,199,13,122,2523,28938,8.718639850715322,3
c17,Commander 2017,2017-08-25,299,28,122,2551,29237,8.725245408215617,6
xln,Ixalan,2017-09-29,274,33,123,2584,29511,8.756057063467859,3
ddt,Duel Decks: Merfolk vs. Goblins,2017-10-24,57,3,123,2587,29568,8.749323593073592,2
ima,Iconic Masters,2017-11-17,249,40,123,2627,29817,8.81041016869571,5
v17,From the Vault: Transform,2017-11-24,16,2,123,2629,29833,8.812388965239835,2
rix,Rivals of Ixalan,2018-01-19,205,20,124,2649,30038,8.818829482655303,3
a25,Masters 25,2018-03-16,249,11,124,2660,30287,8.782646019744444,3
ddu,Duel Decks: Elves vs. Inventors,2018-04-06,71,6,124,2666,30358,8.78186968838527,1
dom,Dominaria,2018-04-27,265,33,126,2699,30623,8.813636808934461,6
bbd,Battlebond,2018-06-08,254,28,126,2727,30877,8.831816562489879,4
cm2,Commander Anthology Volume II,2018-06-08,279,46,126,2773,31156,8.900372319938375,6
ss1,Signature Spellbook: Jace,2018-06-15,8,0,126,2773,31164,8.898087536901553,0
gs1,Global Series Jiang Yanggu & Mu Yanling,2018-06-22,41,0,126,2773,31205,8.886396410831598,0
m19,Core Set 2019,2018-07-13,299,14,126,2787,31504,8.846495683087863,6
c18,Commander 2018,2018-08-10,297,13,126,2800,31801,8.804754567466432,4
grn,Guilds of Ravnica,2018-10-05,268,35,126,2835,32069,8.840313074932178,2
uma,Ultimate Masters,2018-12-07,254,27,126,2862,32323,8.854376140828512,5
rna,Ravnica Allegiance,2019-01-25,268,44,126,2906,32591,8.916572059771102,4
war,War of the Spark,2019-05-03,266,67,126,2973,32857,9.048300210000914,3
mh1,Modern Horizons,2019-06-14,255,29,126,3002,33112,9.066199565112345,5
ss2,Signature Spellbook: Gideon,2019-06-28,8,0,126,3002,33120,9.06400966183575,0
m20,Core Set 2020,2019-07-12,330,28,126,3030,33450,9.058295964125561,2
c19,Commander 2019,2019-08-23,292,18,126,3048,33742,9.033252326477387,7
eld,Throne of Eldraine,2019-10-04,286,36,127,3084,34028,9.063124485717644,7
thb,Theros Beyond Death,2020-01-24,273,33,128,3117,34301,9.087198623946824,4
c20,Commander 2020,2020-04-17,322,39,131,3156,34623,9.115327961181872,7
iko,Ikoria: Lair of Behemoths,2020-04-24,266,30,132,3186,34889,9.131818051534868,5
ss3,Signature Spellbook: Chandra,2020-06-26,8,1,132,3187,34897,9.132590193999484,1
m21,Core Set 2021,2020-07-03,285,31,133,3218,35182,9.14672275595475,5
jmp,Jumpstart,2020-07-17,461,46,133,3264,35643,9.157478326740174,3
2xm,Double Masters,2020-08-07,337,34,133,3298,35980,9.166203446359088,7
akr,Amonkhet Remastered,2020-08-13,309,30,133,3328,36289,9.170823114442394,5
znc,Zendikar Rising Commander,2020-09-25,140,15,133,3343,36429,9.17675478327706,3
znr,Zendikar Rising,2020-09-25,285,51,133,3394,36714,9.24442991774255,3
klr,Kaladesh Remastered,2020-11-12,292,79,133,3473,37006,9.384964600335081,5
cmr,Commander Legends,2020-11-20,531,58,133,3531,37537,9.406718704211844,7
khc,Kaldheim Commander,2021-02-05,119,6,133,3537,37656,9.392925430210324,1
khm,Kaldheim,2021-02-05,323,52,136,3589,37979,9.4499591879723,7
tsr,Time Spiral Remastered,2021-03-19,410,68,136,3657,38389,9.526166349735602,8
c21,Commander 2021,2021-04-23,329,42,136,3699,38718,9.553695955369596,7
stx,Strixhaven: School of Mages,2021-04-23,290,53,138,3752,39008,9.618539786710418,5
h1r,Modern Horizons 1 Timeshifts,2021-06-18,40,4,138,3756,39048,9.618930547019053,2
mh2,Modern Horizons 2,2021-06-18,310,54,139,3810,39358,9.680369937496824,7
afc,Forgotten Realms Commander,2021-07-23,275,14,139,3824,39633,9.648525218883254,4
afr,Adventures in the Forgotten Realms,2021-07-23,288,25,140,3849,39921,9.641542045539941,4
j21,Jumpstart: Historic Horizons,2021-08-26,389,57,141,3906,40310,9.689903249813941,4
mic,Midnight Hunt Commander,2021-09-24,149,32,141,3938,40459,9.733310264712426,2
mid,Innistrad: Midnight Hunt,2021-09-24,279,42,144,3980,40738,9.769748146693505,9
voc,Crimson Vow Commander,2021-11-19,150,17,144,3997,40888,9.775484249657602,3
vow,Innistrad: Crimson Vow,2021-11-19,283,38,149,4035,41171,9.80058779237813,8
dbl,Innistrad: Double Feature,2022-01-28,532,78,149,4113,41703,9.862599812963095,15
nec,Neon Dynasty Commander,2022-02-18,139,32,149,4145,41842,9.906314229721332,1
neo,Kamigawa: Neon Dynasty,2022-02-18,304,58,150,4203,42146,9.972476628861576,6
slx,Universes Within,2022-03-03,30,2,150,4205,42176,9.970125189681335,2
ncc,New Capenna Commander,2022-04-29,350,69,151,4274,42526,10.050322155857593,15
snc,Streets of New Capenna,2022-04-29,310,51,153,4325,42836,10.096647679521897,6
clb,Commander Legends: Battle for Baldur's Gate,2022-06-10,651,64,153,4389,43487,10.092671373054015,12
2x2,Double Masters 2022,2022-07-08,332,52,153,4441,43819,10.134873000296675,7
dmc,Dominaria United Commander,2022-09-09,192,14,153,4455,44011,10.122469382654337,5
dmu,Dominaria United,2022-09-09,288,40,157,4495,44299,10.146955913226032,8
40k,"Warhammer 40,000 Commander",2022-10-07,286,45,157,4540,44585,10.182796904788606,6
bot,Transformers,2022-11-18,15,7,157,4547,44600,10.195067264573991,1
brc,The Brothers' War Commander,2022-11-18,176,11,157,4558,44776,10.179560478827943,4
bro,The Brothers' War,2022-11-18,292,40,157,4598,45068,10.202360876897133,4
j22,Jumpstart 2022,2022-12-02,819,97,157,4695,45887,10.231656024582126,8
scd,Starter Commander Decks,2022-12-02,337,19,157,4714,46224,10.1981654551748,4
dmr,Dominaria Remastered,2023-01-13,266,19,157,4733,46490,10.180684018068401,8
onc,Phyrexia: All Will Be One Commander,2023-02-10,144,30,157,4763,46634,10.213578076081829,5
one,Phyrexia: All Will Be One,2023-02-10,271,117,158,4880,46905,10.404008101481718,3
sir,Shadows over Innistrad Remastered,2023-03-21,284,16,158,4896,47189,10.375299328233275,3
sis,Shadows of the Past,2023-03-21,76,8,158,4904,47265,10.375542155929335,3
moc,March of the Machine Commander,2023-04-21,388,74,158,4978,47653,10.446351751201393,5
mom,March of the Machine,2023-04-21,296,87,159,5065,47949,10.56330684685812,5
mat,March of the Machine: The Aftermath,2023-05-12,50,11,159,5076,47999,10.57522031708994,2
ltc,Tales of Middle-earth Commander,2023-06-23,341,44,159,5120,48340,10.591642532064542,9
ltr,The Lord of the Rings: Tales of Middle-earth,2023-06-23,291,54,159,5174,48631,10.639304147560198,5
cmm,Commander Masters,2023-08-04,737,75,159,5249,49368,10.632393453249069,11
woc,Wilds of Eldraine Commander,2023-09-08,143,10,159,5259,49511,10.621882006018865,3
woe,Wilds of Eldraine,2023-09-08,281,47,160,5306,49792,10.656330334190232,4
who,Doctor Who,2023-10-13,358,86,160,5392,50150,10.751744765702892,6
lcc,The Lost Caverns of Ixalan Commander,2023-11-17,313,44,160,5436,50463,10.772248974496165,10
lci,The Lost Caverns of Ixalan,2023-11-17,292,57,162,5493,50755,10.822579056250616,10
rex,Jurassic World Collection,2023-11-17,26,5,162,5498,50781,10.826884070813888,3
rvr,Ravnica Remastered,2024-01-12,313,38,162,5536,51094,10.834931694523819,3
mkc,Murders at Karlov Manor Commander,2024-02-09,304,30,162,5566,51398,10.829215144558153,7
mkm,Murders at Karlov Manor,2024-02-09,279,41,165,5607,51677,10.850088046906748,7
clu,Ravnica: Clue Edition,2024-02-23,268,32,165,5639,51945,10.855712773125422,2
pip,Fallout,2024-03-08,336,79,165,5718,52281,10.937051701382911,11
big,The Big Score,2024-04-19,30,3,165,5721,52311,10.936514308654012,2
otc,Outlaws of Thunder Junction Commander,2024-04-19,306,18,165,5739,52617,10.907121272592509,6
otj,Outlaws of Thunder Junction,2024-04-19,276,35,166,5774,52893,10.9163783487418,4
h2r,Modern Horizons 2 Timeshifts,2024-06-14,16,0,166,5774,52909,10.913077170235688,0
m3c,Modern Horizons 3 Commander,2024-06-14,320,46,166,5820,53229,10.933889421180183,8
mh3,Modern Horizons 3,2024-06-14,313,97,166,5917,53542,11.05113742482537,13
acr,Assassin's Creed,2024-07-05,138,17,166,5934,53680,11.054396423248882,4
blb,Bloomburrow,2024-08-02,280,55,168,5989,53960,11.09896219421794,9
blc,Bloomburrow Commander,2024-08-02,312,37,168,6026,54272,11.103331367924529,9
mb2,Mystery Booster 2,2024-08-02,385,30,168,6056,54657,11.080008050204,12
dsc,Duskmourn: House of Horror Commander,2024-09-27,346,30,168,6086,55003,11.06485100812683,10
dsk,Duskmourn: House of Horror,2024-09-27,278,40,170,6126,55281,11.081565094697998,9
fdc,Foundations Commander,2024-11-15,3,0,170,6126,55284,11.080963750813979,0
fdn,Foundations,2024-11-15,517,70,173,6196,55801,11.103743660507876,12
j25,Foundations Jumpstart,2024-11-15,768,125,173,6321,56569,11.17396453888172,4
pio,Pioneer Masters,2024-12-10,398,43,173,6364,56967,11.17137992170906,3
inr,Innistrad Remastered,2025-01-24,300,30,173,6394,57267,11.165243508477833,5
dft,Aetherdrift,2025-02-14,276,48,173,6442,57543,11.195106268355838,4
drc,Aetherdrift Commander,2025-02-14,163,35,173,6477,57706,11.224136138356497,5
tdc,Tarkir: Dragonstorm Commander,2025-04-11,373,33,173,6510,58079,11.208870676148006,7
tdm,Tarkir: Dragonstorm,2025-04-11,277,60,173,6570,58356,11.258482418260334,6
fic,Final Fantasy Commander,2025-06-13,339,66,173,6636,58695,11.305903398926654,9
fin,Final Fantasy,2025-06-13,313,73,173,6709,59008,11.369644793926247,6
eoc,Edge of Eternities Commander,2025-08-01,171,37,173,6746,59179,11.399313945825376,5
eoe,Edge of Eternities,2025-08-01,266,74,173,6820,59445,11.472789973925478,5
om1,Through the Omenpaths,2025-09-23,188,48,174,6868,59633,11.517113007898311,4
spe,Marvel's Spider-Man Eternal,2025-09-26,26,13,174,6881,59659,11.533884242109322,3
spm,Marvel's Spider-Man,2025-09-26,193,48,174,6929,59852,11.576889661164206,4
tla,Avatar: The Last Airbender,2025-11-21,286,82,176,7011,60138,11.658186171804848,8
tle,Avatar: The Last Airbender Eternal,2025-11-21,242,41,176,7052,60380,11.679364027823782,7
ecc,Lorwyn Eclipsed Commander,2026-01-23,153,42,176,7094,60533,11.719227528785952,8
ecl,Lorwyn Eclipsed,2026-01-23,273,54,176,7148,60806,11.75541887313752,6
tmc,Teenage Mutant Ninja Turtles Eternal,2026-03-06,117,37,176,7185,60923,11.79357549693876,3
tmt,Teenage Mutant Ninja Turtles,2026-03-06,195,42,176,7227,61118,11.82466703753395,5
soc,Secrets of Strixhaven Commander,2026-04-24,375,57,176,7284,61493,11.845250678939067,5
sos,Secrets of Strixhaven,2026-04-24,271,57,176,7341,61764,11.88556440645036,4
msc,Marvel Super Heroes Commander,2026-06-26,616,130,176,7471,62380,11.976595062520039,8
msh,Marvel Super Heroes,2026-06-26,281,84,177,7555,62661,12.056941319161838,8
hob,The Hobbit,2026-08-14,193,48,178,7603,62854,12.096286632513443,4
hoc,The Hobbit Eternal,2026-08-14,117,11,178,7614,62971,12.09128011306792,3
